CREATE TABLE partners (
                          id SERIAL PRIMARY KEY,
                          organization_type text,
                          name text UNIQUE,
                          ceo text,
                          email text,
                          phone text,
                          address text,
                          inn text,
                          rating INT
);

INSERT INTO partners (id, organization_type, name, ceo, email, phone, address, inn, rating) VALUES
                                                                                                (1, 'ЗАО','База Строитель',  'Иванова Александра Ивановна',     'aleksandraivanova@ml.ru',   '493 123 45 67','652050, Кемеровская область, город Юрга, ул. Лесная, 15',      '2222455179',7),
                                                                                                (2, 'ООО','Паркет 29',       'Петров Василий Петрович',         'vppetrov@vl.ru',            '987 123 56 78','164500, Архангельская область, город Северодвинск, ул. Строителей, 18','3333888520',7),
                                                                                                (3, 'ПАО','Стройсервис',      'Соловьев Андрей Николаевич',      'ansolovev@st.ru',           '812 223 32 00','188910, Ленинградская область, город Приморск, ул. Парковая, 21',  '4440391035',7),
                                                                                                (4, 'ОАО','Ремонт и отделка', 'Воробьева Екатерина Валерьевна',  'ekaterina.vorobeva@ml.ru',  '444 222 33 11','143960, Московская область, город Реутов, ул. Свободы, 51',         '1111520857',5),
                                                                                                (5, 'ЗАО','МонтажПро',       'Степанов Степан Сергеевич',       'stepanov@stepan.ru',        '912 888 33 33','309500, Белгородская область, город Старый Оскол, ул. Рабочая, 122', '5552431140',10);

CREATE TABLE products (
                          id INT PRIMARY KEY,
                          type text,
                          name text NOT NULL,
                          article text NOT NULL,
                          min_price DECIMAL NOT NULL
);

INSERT INTO products (id, type, name, article, min_price) VALUES
                                                              (1, 'Паркетная доска', 'Паркетная доска Ясень темный однополосная 14 мм',       '8758385', 4456.90),
                                                              (2, 'Паркетная доска', 'Инженерная доска Дуб Французская елка однополосная 12 мм', '8858958', 7330.99),
                                                              (3, 'Ламинат', 'Ламинат Дуб дымчато-белый 33 класс 12 мм',              '7750282', 1799.33),
                                                              (4, 'Ламинат', 'Ламинат Дуб серый 32 класс 8 мм с фаской',              '7028748', 3890.41),
                                                              (5, 'Пробковое покрытие', 'Пробковое напольное клеевое покрытие 32 класс 4 мм',    '5012543', 5450.59);

CREATE TABLE sales (
                       id INT PRIMARY KEY,
                       production_id INT REFERENCES products(id) NOT NULL,
                       partner_id INT REFERENCES partners(id) NOT NULL,
                       quantity INT,
                       sale_date DATE
);

INSERT INTO sales (id, production_id, partner_id, quantity, sale_date) VALUES
                                                                           (1,1, 1, 15500,   '2023-03-23'),
                                                                           (2,3, 1, 12350,   '2023-12-18'),
                                                                           (3,4, 1, 37400,   '2024-06-07'),
                                                                           (4,2, 2, 35000,   '2022-12-02'),
                                                                           (5,5, 2, 1250,    '2023-05-17'),
                                                                           (6,3, 2, 1000,    '2024-06-07'),
                                                                           (7,1, 2, 7550,    '2024-07-01'),
                                                                           (8,1, 3, 7250,    '2023-01-22'),
                                                                           (9,2, 3, 2500,    '2024-07-05'),
                                                                           (10,4,4, 59050,   '2023-03-20'),
                                                                           (11,3,4, 37200,   '2024-03-12'),
                                                                           (12,5,4, 4500,    '2024-05-14'),
                                                                           (13,3,5, 50000,   '2023-09-19'),
                                                                           (14,4,5, 670000,  '2023-11-10'),
                                                                           (15,1,5, 35000,   '2024-04-15'),
                                                                           (16,2,5, 25000,   '2024-06-12');